Alignment_name	Locus_type
SISRS_contig-5638000000.fasta	other
SISRS_contig-14671000002.fasta	other
SISRS_contig-319000011.fasta	other
SISRS_contig-15412000016.fasta	other
SISRS_contig-170000013.fasta	other
SISRS_contig-1789000015.fasta	other
SISRS_contig-1769000016.fasta	other
SISRS_contig-13719000002.fasta	other
SISRS_contig-15564000001.fasta	other
SISRS_contig-7735000008.fasta	other
SISRS_contig-12013000005.fasta	other
SISRS_contig-214000005.fasta	other
SISRS_contig-10391000008.fasta	other
SISRS_contig-12227000008.fasta	other
SISRS_contig-1039000015.fasta	other
SISRS_contig-1401000012.fasta	other
SISRS_contig-71000008.fasta	other
SISRS_contig-15801000008.fasta	other
SISRS_contig-12957000003.fasta	other
SISRS_contig-17159000016.fasta	other
SISRS_contig-8450000002.fasta	other
SISRS_contig-12842000005.fasta	other
SISRS_contig-14060000010.fasta	other
SISRS_contig-14614000014.fasta	other
SISRS_contig-11713000011.fasta	other
SISRS_contig-1296000008.fasta	other
SISRS_contig-3060000009.fasta	other
SISRS_contig-3923000001.fasta	other
SISRS_contig-12468000010.fasta	other
SISRS_contig-7780000004.fasta	other
SISRS_contig-6745000002.fasta	other
SISRS_contig-7626000011.fasta	other
SISRS_contig-7708000000.fasta	other
SISRS_contig-7404000016.fasta	other
SISRS_contig-11266000005.fasta	other
SISRS_contig-15118000019.fasta	other
SISRS_contig-9153000017.fasta	other
SISRS_contig-6516000003.fasta	other
SISRS_contig-2717000001.fasta	other
SISRS_contig-10557000015.fasta	other
SISRS_contig-1475000017.fasta	other
SISRS_contig-17839000011.fasta	other
SISRS_contig-17429000010.fasta	other
SISRS_contig-7679000007.fasta	other
SISRS_contig-10565000014.fasta	other
SISRS_contig-11738000019.fasta	other
SISRS_contig-7050000013.fasta	other
SISRS_contig-13088000002.fasta	other
SISRS_contig-12685000013.fasta	other
SISRS_contig-5791000003.fasta	other
SISRS_contig-4660000003.fasta	other
SISRS_contig-14559000004.fasta	other
SISRS_contig-16118000019.fasta	other
SISRS_contig-12645000013.fasta	other
SISRS_contig-13709000018.fasta	other
SISRS_contig-3130000013.fasta	other
SISRS_contig-15285000007.fasta	other
SISRS_contig-5837000005.fasta	other
SISRS_contig-11058000016.fasta	other
SISRS_contig-6906000006.fasta	other
SISRS_contig-422000018.fasta	other
SISRS_contig-11121000000.fasta	other
SISRS_contig-428000002.fasta	other
SISRS_contig-4564000016.fasta	other
SISRS_contig-12046000004.fasta	other
SISRS_contig-13597000013.fasta	other
SISRS_contig-3873000016.fasta	other
SISRS_contig-4421000007.fasta	other
SISRS_contig-11504000010.fasta	other
SISRS_contig-9820000016.fasta	other
SISRS_contig-5766000012.fasta	other
SISRS_contig-15100000015.fasta	other
SISRS_contig-6092000018.fasta	other
SISRS_contig-13281000006.fasta	other
SISRS_contig-9256000004.fasta	other
SISRS_contig-6969000002.fasta	other
SISRS_contig-11232000017.fasta	other
SISRS_contig-12705000011.fasta	other
SISRS_contig-15067000004.fasta	other
SISRS_contig-14604000012.fasta	other
SISRS_contig-3758000015.fasta	other
SISRS_contig-2302000001.fasta	other
SISRS_contig-4050000016.fasta	other
SISRS_contig-195000015.fasta	other
SISRS_contig-15119000017.fasta	other
SISRS_contig-17215000019.fasta	other
SISRS_contig-5888000001.fasta	other
SISRS_contig-12845000004.fasta	other
SISRS_contig-12981000009.fasta	other
SISRS_contig-458000007.fasta	other
SISRS_contig-13273000019.fasta	other
SISRS_contig-2465000015.fasta	other
SISRS_contig-2591000005.fasta	other
SISRS_contig-9620000014.fasta	other
SISRS_contig-268000009.fasta	other
SISRS_contig-4900000011.fasta	other
SISRS_contig-15120000005.fasta	other
SISRS_contig-14271000005.fasta	other
SISRS_contig-8979000010.fasta	other
SISRS_contig-960000002.fasta	other
SISRS_contig-17123000012.fasta	other
SISRS_contig-9212000009.fasta	other
SISRS_contig-13870000005.fasta	other
SISRS_contig-1279000019.fasta	other
SISRS_contig-9069000005.fasta	other
SISRS_contig-10321000017.fasta	other
SISRS_contig-11285000000.fasta	other
SISRS_contig-981000018.fasta	other
SISRS_contig-1224000011.fasta	other
SISRS_contig-11566000006.fasta	other
SISRS_contig-1710000002.fasta	other
SISRS_contig-10014000013.fasta	other
SISRS_contig-10487000017.fasta	other
SISRS_contig-18138000003.fasta	other
SISRS_contig-641000000.fasta	other
SISRS_contig-2943000002.fasta	other
SISRS_contig-15876000015.fasta	other
SISRS_contig-3899000010.fasta	other
SISRS_contig-2844000018.fasta	other
SISRS_contig-1786000002.fasta	other
SISRS_contig-435000003.fasta	other
SISRS_contig-8038000018.fasta	other
SISRS_contig-5219000008.fasta	other
SISRS_contig-17376000016.fasta	other
SISRS_contig-9623000012.fasta	other
SISRS_contig-1272000010.fasta	other
SISRS_contig-7984000012.fasta	other
SISRS_contig-4330000008.fasta	other
SISRS_contig-14616000016.fasta	other
SISRS_contig-518000002.fasta	other
SISRS_contig-16165000010.fasta	other
SISRS_contig-10680000003.fasta	other
SISRS_contig-4421000017.fasta	other
SISRS_contig-16042000001.fasta	other
SISRS_contig-12789000001.fasta	other
SISRS_contig-9500000008.fasta	other
SISRS_contig-7292000008.fasta	other
SISRS_contig-9931000018.fasta	other
SISRS_contig-773000011.fasta	other
SISRS_contig-3313000006.fasta	other
SISRS_contig-10588000007.fasta	other
SISRS_contig-13769000015.fasta	other
SISRS_contig-11358000012.fasta	other
SISRS_contig-4123000001.fasta	other
SISRS_contig-8780000011.fasta	other
SISRS_contig-11642000007.fasta	other
SISRS_contig-10883000007.fasta	other
SISRS_contig-8889000007.fasta	other
SISRS_contig-4714000016.fasta	other
SISRS_contig-15560000012.fasta	other
SISRS_contig-1570000009.fasta	other
SISRS_contig-10769000012.fasta	other
SISRS_contig-14463000008.fasta	other
SISRS_contig-7447000011.fasta	other
SISRS_contig-2737000018.fasta	other
SISRS_contig-13275000019.fasta	other
SISRS_contig-11940000011.fasta	other
SISRS_contig-2131000002.fasta	other
SISRS_contig-10064000015.fasta	other
SISRS_contig-713000014.fasta	other
SISRS_contig-1937000010.fasta	other
SISRS_contig-2916000017.fasta	other
SISRS_contig-10289000003.fasta	other
SISRS_contig-789000013.fasta	other
SISRS_contig-9036000015.fasta	other
SISRS_contig-11079000013.fasta	other
SISRS_contig-449000000.fasta	other
SISRS_contig-10138000005.fasta	other
SISRS_contig-3785000009.fasta	other
SISRS_contig-6884000017.fasta	other
SISRS_contig-828000019.fasta	other
SISRS_contig-11329000006.fasta	other
SISRS_contig-12437000016.fasta	other
SISRS_contig-5879000019.fasta	other
SISRS_contig-3134000007.fasta	other
SISRS_contig-8605000005.fasta	other
SISRS_contig-2852000015.fasta	other
SISRS_contig-1081000001.fasta	other
SISRS_contig-15035000019.fasta	other
SISRS_contig-7727000001.fasta	other
SISRS_contig-1425000009.fasta	other
SISRS_contig-6047000013.fasta	other
SISRS_contig-5903000002.fasta	other
SISRS_contig-1278000015.fasta	other
SISRS_contig-13793000001.fasta	other
SISRS_contig-8534000007.fasta	other
SISRS_contig-8612000008.fasta	other
SISRS_contig-11787000000.fasta	other
SISRS_contig-4158000004.fasta	other
SISRS_contig-9603000015.fasta	other
SISRS_contig-10730000013.fasta	other
SISRS_contig-2828000005.fasta	other
SISRS_contig-10567000000.fasta	other
SISRS_contig-11855000009.fasta	other
SISRS_contig-1187000011.fasta	other
SISRS_contig-5755000015.fasta	other
SISRS_contig-541000006.fasta	other
SISRS_contig-2019000001.fasta	other
SISRS_contig-12521000011.fasta	other
SISRS_contig-2769000002.fasta	other
SISRS_contig-15786000007.fasta	other
SISRS_contig-11041000002.fasta	other
SISRS_contig-8187000012.fasta	other
SISRS_contig-13762000017.fasta	other
SISRS_contig-2358000001.fasta	other
SISRS_contig-7739000003.fasta	other
SISRS_contig-8333000017.fasta	other
SISRS_contig-12544000005.fasta	other
SISRS_contig-3531000017.fasta	other
SISRS_contig-3087000006.fasta	other
SISRS_contig-1419000006.fasta	other
SISRS_contig-10633000015.fasta	other
SISRS_contig-6214000016.fasta	other
SISRS_contig-14562000019.fasta	other
SISRS_contig-744000005.fasta	other
SISRS_contig-13402000005.fasta	other
SISRS_contig-2364000019.fasta	other
SISRS_contig-2354000002.fasta	other
SISRS_contig-4252000016.fasta	other
SISRS_contig-8493000011.fasta	other
SISRS_contig-2459000009.fasta	other
SISRS_contig-1279000000.fasta	other
SISRS_contig-13061000007.fasta	other
SISRS_contig-5865000010.fasta	other
SISRS_contig-13888000004.fasta	other
SISRS_contig-12214000004.fasta	other
SISRS_contig-1908000013.fasta	other
SISRS_contig-16848000007.fasta	other
SISRS_contig-414000006.fasta	other
SISRS_contig-3683000009.fasta	other
SISRS_contig-5539000005.fasta	other
SISRS_contig-1016000005.fasta	other
SISRS_contig-2852000011.fasta	other
SISRS_contig-851000018.fasta	other
SISRS_contig-1497000004.fasta	other
SISRS_contig-5174000006.fasta	other
SISRS_contig-11509000004.fasta	other
SISRS_contig-13320000005.fasta	other
SISRS_contig-17483000000.fasta	other
SISRS_contig-2784000013.fasta	other
SISRS_contig-13423000000.fasta	other
SISRS_contig-9712000010.fasta	other
SISRS_contig-9711000007.fasta	other
SISRS_contig-2168000005.fasta	other
SISRS_contig-588000010.fasta	other
SISRS_contig-14769000003.fasta	other
SISRS_contig-218000012.fasta	other
SISRS_contig-86000004.fasta	other
SISRS_contig-10455000006.fasta	other
SISRS_contig-2457000014.fasta	other
SISRS_contig-11968000015.fasta	other
SISRS_contig-411000018.fasta	other
SISRS_contig-5285000006.fasta	other
SISRS_contig-3123000016.fasta	other
SISRS_contig-11718000016.fasta	other
SISRS_contig-10203000018.fasta	other
SISRS_contig-15712000005.fasta	other
SISRS_contig-3385000019.fasta	other
SISRS_contig-4452000004.fasta	other
SISRS_contig-15163000016.fasta	other
SISRS_contig-13558000002.fasta	other
SISRS_contig-796000014.fasta	other
SISRS_contig-271000006.fasta	other
SISRS_contig-6063000005.fasta	other
SISRS_contig-14462000010.fasta	other
SISRS_contig-4539000008.fasta	other
SISRS_contig-348000014.fasta	other
SISRS_contig-10314000011.fasta	other
SISRS_contig-17581000014.fasta	other
SISRS_contig-2622000008.fasta	other
SISRS_contig-12000011.fasta	other
SISRS_contig-8849000006.fasta	other
SISRS_contig-3717000003.fasta	other
SISRS_contig-830000014.fasta	other
SISRS_contig-552000012.fasta	other
SISRS_contig-2991000007.fasta	other
SISRS_contig-14819000008.fasta	other
SISRS_contig-1789000017.fasta	other
SISRS_contig-2136000018.fasta	other
SISRS_contig-13187000015.fasta	other
SISRS_contig-4874000013.fasta	other
SISRS_contig-1947000001.fasta	other
SISRS_contig-7458000017.fasta	other
SISRS_contig-15830000007.fasta	other
SISRS_contig-12333000017.fasta	other
SISRS_contig-6027000018.fasta	other
SISRS_contig-12208000005.fasta	other
SISRS_contig-10200000015.fasta	other
SISRS_contig-6129000003.fasta	other
SISRS_contig-12226000017.fasta	other
SISRS_contig-14175000006.fasta	other
SISRS_contig-8888000012.fasta	other
SISRS_contig-3060000013.fasta	other
SISRS_contig-17260000010.fasta	other
SISRS_contig-3984000019.fasta	other
SISRS_contig-665000007.fasta	other
SISRS_contig-697000003.fasta	other
SISRS_contig-1142000006.fasta	other
SISRS_contig-6801000004.fasta	other
SISRS_contig-4472000010.fasta	other
SISRS_contig-10621000015.fasta	other
SISRS_contig-3869000010.fasta	other
SISRS_contig-12038000002.fasta	other
SISRS_contig-155000008.fasta	other
SISRS_contig-316000017.fasta	other
SISRS_contig-11507000004.fasta	other
SISRS_contig-9348000002.fasta	other
SISRS_contig-8639000006.fasta	other
SISRS_contig-11116000018.fasta	other
SISRS_contig-5169000002.fasta	other
SISRS_contig-1032000000.fasta	other
SISRS_contig-3824000003.fasta	other
SISRS_contig-12883000005.fasta	other
SISRS_contig-5135000019.fasta	other
SISRS_contig-349000006.fasta	other
SISRS_contig-1211000011.fasta	other
SISRS_contig-12359000014.fasta	other
SISRS_contig-406000015.fasta	other
SISRS_contig-10420000012.fasta	other
SISRS_contig-14473000016.fasta	other
SISRS_contig-8159000008.fasta	other
SISRS_contig-9384000003.fasta	other
SISRS_contig-1870000006.fasta	other
SISRS_contig-3456000016.fasta	other
SISRS_contig-8734000002.fasta	other
SISRS_contig-14696000000.fasta	other
SISRS_contig-2176000009.fasta	other
SISRS_contig-5740000012.fasta	other
SISRS_contig-15927000003.fasta	other
SISRS_contig-5671000012.fasta	other
SISRS_contig-5959000005.fasta	other
SISRS_contig-3123000008.fasta	other
SISRS_contig-10922000015.fasta	other
SISRS_contig-14701000003.fasta	other
SISRS_contig-482000001.fasta	other
SISRS_contig-6484000005.fasta	other
SISRS_contig-182000003.fasta	other
SISRS_contig-1970000005.fasta	other
SISRS_contig-3093000013.fasta	other
SISRS_contig-5146000010.fasta	other
SISRS_contig-17007000013.fasta	other
SISRS_contig-2970000006.fasta	other
SISRS_contig-5660000004.fasta	other
SISRS_contig-2071000016.fasta	other
SISRS_contig-3128000001.fasta	other
SISRS_contig-1278000001.fasta	other
SISRS_contig-1763000006.fasta	other
SISRS_contig-16892000001.fasta	other
SISRS_contig-11281000016.fasta	other
SISRS_contig-8956000006.fasta	other
SISRS_contig-870000002.fasta	other
SISRS_contig-224000003.fasta	other
SISRS_contig-8249000013.fasta	other
SISRS_contig-3776000003.fasta	other
SISRS_contig-10337000012.fasta	other
SISRS_contig-14764000013.fasta	other
SISRS_contig-14355000013.fasta	other
SISRS_contig-3321000019.fasta	other
SISRS_contig-10002000015.fasta	other
SISRS_contig-3689000012.fasta	other
SISRS_contig-5748000015.fasta	other
SISRS_contig-3159000015.fasta	other
SISRS_contig-15543000004.fasta	other
SISRS_contig-16919000016.fasta	other
SISRS_contig-17573000008.fasta	other
SISRS_contig-14204000000.fasta	other
SISRS_contig-2056000004.fasta	other
SISRS_contig-8943000019.fasta	other
SISRS_contig-3593000001.fasta	other
SISRS_contig-9629000019.fasta	other
SISRS_contig-2088000008.fasta	other
SISRS_contig-8014000011.fasta	other
SISRS_contig-6603000017.fasta	other
SISRS_contig-2827000005.fasta	other
SISRS_contig-9126000015.fasta	other
SISRS_contig-12414000013.fasta	other
SISRS_contig-8682000017.fasta	other
SISRS_contig-7243000012.fasta	other
SISRS_contig-2198000014.fasta	other
SISRS_contig-14539000015.fasta	other
SISRS_contig-8059000012.fasta	other
SISRS_contig-10876000008.fasta	other
SISRS_contig-13889000015.fasta	other
SISRS_contig-892000006.fasta	other
SISRS_contig-842000012.fasta	other
SISRS_contig-859000010.fasta	other
SISRS_contig-13285000014.fasta	other
SISRS_contig-6111000014.fasta	other
SISRS_contig-3962000013.fasta	other
SISRS_contig-651000003.fasta	other
SISRS_contig-10570000011.fasta	other
SISRS_contig-2721000011.fasta	other
SISRS_contig-12534000013.fasta	other
SISRS_contig-8525000017.fasta	other
SISRS_contig-8561000012.fasta	other
SISRS_contig-5587000002.fasta	other
SISRS_contig-11572000002.fasta	other
SISRS_contig-8478000014.fasta	other
SISRS_contig-1339000015.fasta	other
SISRS_contig-14943000018.fasta	other
SISRS_contig-17287000006.fasta	other
SISRS_contig-14250000013.fasta	other
SISRS_contig-15231000019.fasta	other
SISRS_contig-6007000002.fasta	other
SISRS_contig-15653000004.fasta	other
SISRS_contig-4636000000.fasta	other
SISRS_contig-2683000006.fasta	other
SISRS_contig-17718000009.fasta	other
SISRS_contig-4544000007.fasta	other
SISRS_contig-11017000003.fasta	other
SISRS_contig-13099000004.fasta	other
SISRS_contig-2129000012.fasta	other
SISRS_contig-14510000009.fasta	other
SISRS_contig-8475000016.fasta	other
SISRS_contig-14236000013.fasta	other
SISRS_contig-2422000016.fasta	other
SISRS_contig-1615000006.fasta	other
SISRS_contig-2061000008.fasta	other
SISRS_contig-17745000006.fasta	other
SISRS_contig-584000016.fasta	other
SISRS_contig-3138000003.fasta	other
SISRS_contig-9133000000.fasta	other
SISRS_contig-12829000012.fasta	other
SISRS_contig-10280000010.fasta	other
SISRS_contig-3735000005.fasta	other
SISRS_contig-11961000001.fasta	other
SISRS_contig-16710000017.fasta	other
SISRS_contig-4118000017.fasta	other
SISRS_contig-8142000017.fasta	other
SISRS_contig-5023000019.fasta	other
SISRS_contig-15993000006.fasta	other
SISRS_contig-10441000017.fasta	other
SISRS_contig-11328000000.fasta	other
SISRS_contig-1584000006.fasta	other
SISRS_contig-3247000018.fasta	other
SISRS_contig-13641000016.fasta	other
SISRS_contig-152000009.fasta	other
SISRS_contig-15712000003.fasta	other
SISRS_contig-13872000010.fasta	other
SISRS_contig-2956000010.fasta	other
SISRS_contig-14959000015.fasta	other
SISRS_contig-10588000009.fasta	other
SISRS_contig-12324000019.fasta	other
SISRS_contig-708000011.fasta	other
SISRS_contig-508000000.fasta	other
SISRS_contig-8873000011.fasta	other
SISRS_contig-2207000004.fasta	other
SISRS_contig-4237000018.fasta	other
SISRS_contig-13290000016.fasta	other
SISRS_contig-9776000005.fasta	other
SISRS_contig-13935000014.fasta	other
SISRS_contig-7595000000.fasta	other
SISRS_contig-14755000011.fasta	other
SISRS_contig-11775000006.fasta	other
SISRS_contig-2964000005.fasta	other
SISRS_contig-17893000005.fasta	other
SISRS_contig-8628000015.fasta	other
SISRS_contig-5027000001.fasta	other
SISRS_contig-14769000013.fasta	other
SISRS_contig-1829000008.fasta	other
SISRS_contig-1683000005.fasta	other
SISRS_contig-9307000015.fasta	other
SISRS_contig-6081000001.fasta	other
SISRS_contig-13178000005.fasta	other
SISRS_contig-5288000008.fasta	other
SISRS_contig-2973000017.fasta	other
SISRS_contig-11942000011.fasta	other
SISRS_contig-6069000014.fasta	other
SISRS_contig-5990000012.fasta	other
SISRS_contig-17917000003.fasta	other
SISRS_contig-10275000009.fasta	other
SISRS_contig-4461000017.fasta	other
SISRS_contig-1308000010.fasta	other
SISRS_contig-548000002.fasta	other
SISRS_contig-516000012.fasta	other
SISRS_contig-8063000011.fasta	other
SISRS_contig-9961000010.fasta	other
SISRS_contig-12988000010.fasta	other
SISRS_contig-9854000014.fasta	other
SISRS_contig-1375000002.fasta	other
SISRS_contig-4989000009.fasta	other
SISRS_contig-13107000007.fasta	other
SISRS_contig-16843000010.fasta	other
SISRS_contig-3827000010.fasta	other
SISRS_contig-5107000004.fasta	other
SISRS_contig-16289000018.fasta	other
SISRS_contig-2077000018.fasta	other
SISRS_contig-3298000019.fasta	other
SISRS_contig-13616000010.fasta	other
SISRS_contig-15789000001.fasta	other
SISRS_contig-14891000001.fasta	other
SISRS_contig-10335000005.fasta	other
SISRS_contig-8744000012.fasta	other
SISRS_contig-12823000019.fasta	other
SISRS_contig-2774000012.fasta	other
SISRS_contig-15422000014.fasta	other
SISRS_contig-8436000010.fasta	other
SISRS_contig-678000008.fasta	other
SISRS_contig-344000013.fasta	other
SISRS_contig-10033000005.fasta	other
SISRS_contig-3183000000.fasta	other
SISRS_contig-2300000001.fasta	other
SISRS_contig-60000013.fasta	other
SISRS_contig-13798000016.fasta	other
SISRS_contig-17282000011.fasta	other
SISRS_contig-677000001.fasta	other
SISRS_contig-11417000013.fasta	other
SISRS_contig-958000015.fasta	other
SISRS_contig-12435000012.fasta	other
SISRS_contig-1252000005.fasta	other
SISRS_contig-7895000011.fasta	other
SISRS_contig-15866000004.fasta	other
SISRS_contig-7842000011.fasta	other
SISRS_contig-6211000018.fasta	other
SISRS_contig-5490000004.fasta	other
SISRS_contig-1285000014.fasta	other
SISRS_contig-8740000018.fasta	other
SISRS_contig-11616000016.fasta	other
SISRS_contig-15112000001.fasta	other
SISRS_contig-7070000017.fasta	other
SISRS_contig-11163000010.fasta	other
SISRS_contig-1512000010.fasta	other
SISRS_contig-13777000012.fasta	other
SISRS_contig-6515000015.fasta	other
SISRS_contig-10501000015.fasta	other
SISRS_contig-2500000000.fasta	other
SISRS_contig-12856000006.fasta	other
SISRS_contig-2500000014.fasta	other
SISRS_contig-16237000001.fasta	other
SISRS_contig-1785000014.fasta	other
SISRS_contig-3612000006.fasta	other
SISRS_contig-9156000015.fasta	other
SISRS_contig-14047000003.fasta	other
SISRS_contig-1026000018.fasta	other
SISRS_contig-15371000013.fasta	other
SISRS_contig-17183000009.fasta	other
SISRS_contig-8137000000.fasta	other
SISRS_contig-617000009.fasta	other
SISRS_contig-3559000004.fasta	other
SISRS_contig-2599000019.fasta	other
SISRS_contig-11830000014.fasta	other
SISRS_contig-816000012.fasta	other
SISRS_contig-2809000013.fasta	other
SISRS_contig-1061000017.fasta	other
SISRS_contig-848000000.fasta	other
SISRS_contig-2797000014.fasta	other
SISRS_contig-8652000000.fasta	other
SISRS_contig-15274000009.fasta	other
SISRS_contig-16831000007.fasta	other
SISRS_contig-17411000016.fasta	other
SISRS_contig-1899000015.fasta	other
SISRS_contig-13259000005.fasta	other
SISRS_contig-6868000014.fasta	other
SISRS_contig-14463000011.fasta	other
SISRS_contig-16747000016.fasta	other
SISRS_contig-8510000001.fasta	other
SISRS_contig-15515000018.fasta	other
SISRS_contig-9864000009.fasta	other
SISRS_contig-3391000006.fasta	other
SISRS_contig-11567000005.fasta	other
SISRS_contig-9723000019.fasta	other
SISRS_contig-13871000013.fasta	other
SISRS_contig-4202000004.fasta	other
SISRS_contig-15279000011.fasta	other
SISRS_contig-13284000008.fasta	other
SISRS_contig-11957000018.fasta	other
SISRS_contig-2829000011.fasta	other
SISRS_contig-11612000008.fasta	other
SISRS_contig-16261000009.fasta	other
SISRS_contig-11269000017.fasta	other
SISRS_contig-1583000008.fasta	other
SISRS_contig-11667000001.fasta	other
SISRS_contig-4078000016.fasta	other
SISRS_contig-4172000003.fasta	other
SISRS_contig-14018000009.fasta	other
SISRS_contig-11025000008.fasta	other
SISRS_contig-11153000017.fasta	other
SISRS_contig-1675000008.fasta	other
SISRS_contig-11630000009.fasta	other
SISRS_contig-2431000007.fasta	other
SISRS_contig-15914000012.fasta	other
SISRS_contig-13042000008.fasta	other
SISRS_contig-5128000011.fasta	other
SISRS_contig-5381000001.fasta	other
SISRS_contig-17489000014.fasta	other
SISRS_contig-8431000010.fasta	other
SISRS_contig-13566000012.fasta	other
SISRS_contig-2731000000.fasta	other
SISRS_contig-10976000010.fasta	other
SISRS_contig-11499000001.fasta	other
SISRS_contig-17228000010.fasta	other
SISRS_contig-2154000017.fasta	other
SISRS_contig-11532000018.fasta	other
SISRS_contig-11431000001.fasta	other
SISRS_contig-1702000012.fasta	other
SISRS_contig-9246000014.fasta	other
SISRS_contig-15962000011.fasta	other
SISRS_contig-14660000003.fasta	other
SISRS_contig-9432000019.fasta	other
SISRS_contig-960000017.fasta	other
SISRS_contig-14201000009.fasta	other
SISRS_contig-10127000000.fasta	other
SISRS_contig-2684000014.fasta	other
SISRS_contig-8176000010.fasta	other
SISRS_contig-11273000009.fasta	other
SISRS_contig-7597000005.fasta	other
SISRS_contig-7840000000.fasta	other
SISRS_contig-6780000004.fasta	other
SISRS_contig-11570000008.fasta	other
SISRS_contig-12230000003.fasta	other
SISRS_contig-5585000012.fasta	other
SISRS_contig-4559000009.fasta	other
SISRS_contig-10078000000.fasta	other
SISRS_contig-12905000001.fasta	other
SISRS_contig-102000019.fasta	other
SISRS_contig-364000016.fasta	other
SISRS_contig-909000008.fasta	other
SISRS_contig-1203000003.fasta	other
SISRS_contig-14065000014.fasta	other
SISRS_contig-4803000017.fasta	other
SISRS_contig-13379000001.fasta	other
SISRS_contig-11802000000.fasta	other
SISRS_contig-15169000012.fasta	other
SISRS_contig-1151000013.fasta	other
SISRS_contig-5429000007.fasta	other
SISRS_contig-9368000006.fasta	other
SISRS_contig-16943000010.fasta	other
SISRS_contig-918000002.fasta	other
SISRS_contig-1003000006.fasta	other
SISRS_contig-13696000012.fasta	other
SISRS_contig-14162000010.fasta	other
SISRS_contig-12361000012.fasta	other
SISRS_contig-14031000014.fasta	other
SISRS_contig-3229000002.fasta	other
SISRS_contig-9905000003.fasta	other
SISRS_contig-1095000007.fasta	other
SISRS_contig-1300000002.fasta	other
SISRS_contig-6872000003.fasta	other
SISRS_contig-5947000001.fasta	other
SISRS_contig-14104000016.fasta	other
SISRS_contig-6580000013.fasta	other
SISRS_contig-364000013.fasta	other
SISRS_contig-5031000016.fasta	other
SISRS_contig-17512000013.fasta	other
SISRS_contig-13195000017.fasta	other
SISRS_contig-7670000000.fasta	other
SISRS_contig-13767000009.fasta	other
SISRS_contig-5161000013.fasta	other
SISRS_contig-15139000017.fasta	other
SISRS_contig-476000012.fasta	other
SISRS_contig-16764000011.fasta	other
SISRS_contig-15716000003.fasta	other
SISRS_contig-949000009.fasta	other
SISRS_contig-5207000015.fasta	other
SISRS_contig-15786000001.fasta	other
SISRS_contig-17889000011.fasta	other
SISRS_contig-1995000011.fasta	other
SISRS_contig-5947000002.fasta	other
SISRS_contig-4873000015.fasta	other
SISRS_contig-15037000011.fasta	other
SISRS_contig-11271000007.fasta	other
SISRS_contig-14086000009.fasta	other
SISRS_contig-240000018.fasta	other
SISRS_contig-13932000000.fasta	other
SISRS_contig-17768000019.fasta	other
SISRS_contig-13702000001.fasta	other
SISRS_contig-2054000018.fasta	other
SISRS_contig-11531000012.fasta	other
SISRS_contig-545000007.fasta	other
SISRS_contig-7718000013.fasta	other
SISRS_contig-7194000013.fasta	other
SISRS_contig-9748000019.fasta	other
SISRS_contig-3889000019.fasta	other
SISRS_contig-17025000016.fasta	other
SISRS_contig-16046000010.fasta	other
SISRS_contig-14800000001.fasta	other
SISRS_contig-3502000016.fasta	other
SISRS_contig-4281000003.fasta	other
SISRS_contig-8321000000.fasta	other
SISRS_contig-13135000011.fasta	other
SISRS_contig-8899000004.fasta	other
SISRS_contig-15425000014.fasta	other
SISRS_contig-9964000019.fasta	other
SISRS_contig-16231000000.fasta	other
SISRS_contig-45000019.fasta	other
SISRS_contig-16399000015.fasta	other
SISRS_contig-8739000014.fasta	other
SISRS_contig-13079000006.fasta	other
SISRS_contig-4756000004.fasta	other
SISRS_contig-6777000005.fasta	other
SISRS_contig-8103000018.fasta	other
SISRS_contig-872000006.fasta	other
SISRS_contig-10509000004.fasta	other
SISRS_contig-8081000001.fasta	other
SISRS_contig-5682000006.fasta	other
SISRS_contig-8255000016.fasta	other
SISRS_contig-8354000000.fasta	other
SISRS_contig-10404000018.fasta	other
SISRS_contig-14213000000.fasta	other
SISRS_contig-754000014.fasta	other
SISRS_contig-13670000017.fasta	other
SISRS_contig-5463000013.fasta	other
SISRS_contig-2777000004.fasta	other
SISRS_contig-2264000015.fasta	other
SISRS_contig-2484000013.fasta	other
SISRS_contig-11804000017.fasta	other
SISRS_contig-12841000018.fasta	other
SISRS_contig-3146000016.fasta	other
SISRS_contig-1883000017.fasta	other
SISRS_contig-6618000002.fasta	other
SISRS_contig-5033000004.fasta	other
SISRS_contig-1668000005.fasta	other
SISRS_contig-1160000018.fasta	other
SISRS_contig-5961000008.fasta	other
SISRS_contig-12809000012.fasta	other
SISRS_contig-3335000011.fasta	other
SISRS_contig-11765000005.fasta	other
SISRS_contig-15065000015.fasta	other
SISRS_contig-10804000000.fasta	other
SISRS_contig-8282000015.fasta	other
SISRS_contig-11974000016.fasta	other
SISRS_contig-9270000014.fasta	other
SISRS_contig-1123000001.fasta	other
SISRS_contig-17700000003.fasta	other
SISRS_contig-5285000019.fasta	other
SISRS_contig-1246000017.fasta	other
SISRS_contig-9845000019.fasta	other
SISRS_contig-1816000006.fasta	other
SISRS_contig-11985000011.fasta	other
SISRS_contig-3810000005.fasta	other
SISRS_contig-133000007.fasta	other
SISRS_contig-9711000013.fasta	other
SISRS_contig-4064000017.fasta	other
SISRS_contig-3437000005.fasta	other
SISRS_contig-3605000017.fasta	other
SISRS_contig-8219000009.fasta	other
SISRS_contig-10490000019.fasta	other
SISRS_contig-1325000008.fasta	other
SISRS_contig-981000011.fasta	other
SISRS_contig-692000003.fasta	other
SISRS_contig-13828000006.fasta	other
SISRS_contig-14817000002.fasta	other
SISRS_contig-3293000006.fasta	other
SISRS_contig-10847000012.fasta	other
SISRS_contig-2566000015.fasta	other
SISRS_contig-441000006.fasta	other
SISRS_contig-16505000011.fasta	other
SISRS_contig-3577000007.fasta	other
SISRS_contig-13256000017.fasta	other
SISRS_contig-6217000012.fasta	other
SISRS_contig-5237000006.fasta	other
SISRS_contig-11721000014.fasta	other
SISRS_contig-2448000017.fasta	other
SISRS_contig-10300000018.fasta	other
SISRS_contig-110000013.fasta	other
SISRS_contig-5482000006.fasta	other
SISRS_contig-875000018.fasta	other
SISRS_contig-11550000010.fasta	other
SISRS_contig-288000011.fasta	other
SISRS_contig-5775000008.fasta	other
SISRS_contig-5206000005.fasta	other
SISRS_contig-16763000011.fasta	other
SISRS_contig-16920000001.fasta	other
SISRS_contig-2999000012.fasta	other
SISRS_contig-160000011.fasta	other
SISRS_contig-1163000017.fasta	other
SISRS_contig-4397000012.fasta	other
SISRS_contig-16195000016.fasta	other
SISRS_contig-4907000013.fasta	other
SISRS_contig-14150000007.fasta	other
SISRS_contig-1299000011.fasta	other
SISRS_contig-14378000011.fasta	other
SISRS_contig-67000005.fasta	other
SISRS_contig-4139000019.fasta	other
SISRS_contig-10449000016.fasta	other
SISRS_contig-810000016.fasta	other
SISRS_contig-3696000014.fasta	other
SISRS_contig-9158000003.fasta	other
SISRS_contig-11711000003.fasta	other
SISRS_contig-16781000018.fasta	other
SISRS_contig-4341000000.fasta	other
SISRS_contig-2680000004.fasta	other
SISRS_contig-676000016.fasta	other
SISRS_contig-9383000005.fasta	other
SISRS_contig-10942000011.fasta	other
SISRS_contig-1545000001.fasta	other
SISRS_contig-7046000005.fasta	other
SISRS_contig-13790000001.fasta	other
SISRS_contig-2875000001.fasta	other
SISRS_contig-4993000005.fasta	other
SISRS_contig-1345000018.fasta	other
SISRS_contig-3637000019.fasta	other
SISRS_contig-14752000012.fasta	other
SISRS_contig-669000016.fasta	other
SISRS_contig-309000017.fasta	other
SISRS_contig-12661000013.fasta	other
SISRS_contig-41000013.fasta	other
SISRS_contig-2249000002.fasta	other
SISRS_contig-7597000015.fasta	other
SISRS_contig-12948000006.fasta	other
SISRS_contig-13044000017.fasta	other
SISRS_contig-5416000011.fasta	other
SISRS_contig-11852000016.fasta	other
SISRS_contig-14669000006.fasta	other
SISRS_contig-8520000018.fasta	other
SISRS_contig-8911000009.fasta	other
SISRS_contig-7881000018.fasta	other
SISRS_contig-7061000019.fasta	other
SISRS_contig-4215000012.fasta	other
SISRS_contig-665000004.fasta	other
SISRS_contig-10685000003.fasta	other
SISRS_contig-15609000002.fasta	other
SISRS_contig-1712000018.fasta	other
SISRS_contig-4245000011.fasta	other
SISRS_contig-9767000005.fasta	other
SISRS_contig-156000010.fasta	other
SISRS_contig-13345000017.fasta	other
SISRS_contig-12725000014.fasta	other
SISRS_contig-9531000018.fasta	other
SISRS_contig-5575000015.fasta	other
SISRS_contig-3043000001.fasta	other
SISRS_contig-1322000003.fasta	other
SISRS_contig-9299000004.fasta	other
SISRS_contig-14288000011.fasta	other
SISRS_contig-6860000016.fasta	other
SISRS_contig-2767000011.fasta	other
SISRS_contig-4530000014.fasta	other
SISRS_contig-8460000011.fasta	other
SISRS_contig-376000012.fasta	other
SISRS_contig-697000017.fasta	other
SISRS_contig-2396000015.fasta	other
SISRS_contig-1566000018.fasta	other
SISRS_contig-10267000011.fasta	other
SISRS_contig-8614000011.fasta	other
SISRS_contig-13238000005.fasta	other
SISRS_contig-362000011.fasta	other
SISRS_contig-514000004.fasta	other
SISRS_contig-861000004.fasta	other
SISRS_contig-186000003.fasta	other
SISRS_contig-1349000013.fasta	other
SISRS_contig-11804000009.fasta	other
SISRS_contig-9125000014.fasta	other
SISRS_contig-13898000003.fasta	other
SISRS_contig-12364000016.fasta	other
SISRS_contig-13979000013.fasta	other
SISRS_contig-12647000012.fasta	other
SISRS_contig-4911000014.fasta	other
SISRS_contig-10195000019.fasta	other
SISRS_contig-12343000016.fasta	other
SISRS_contig-12513000014.fasta	other
SISRS_contig-13745000011.fasta	other
SISRS_contig-12735000009.fasta	other
SISRS_contig-3934000007.fasta	other
SISRS_contig-11819000007.fasta	other
SISRS_contig-3518000018.fasta	other
SISRS_contig-11756000014.fasta	other
SISRS_contig-16013000006.fasta	other
SISRS_contig-1692000001.fasta	other
SISRS_contig-12448000010.fasta	other
SISRS_contig-3320000006.fasta	other
SISRS_contig-923000014.fasta	other
SISRS_contig-429000009.fasta	other
SISRS_contig-3393000019.fasta	other
SISRS_contig-1859000016.fasta	other
SISRS_contig-1071000001.fasta	other
SISRS_contig-11531000007.fasta	other
SISRS_contig-4989000013.fasta	other
SISRS_contig-1255000004.fasta	other
SISRS_contig-4531000002.fasta	other
SISRS_contig-13917000012.fasta	other
SISRS_contig-12361000001.fasta	other
SISRS_contig-3186000004.fasta	other
SISRS_contig-18001000019.fasta	other
SISRS_contig-14481000015.fasta	other
SISRS_contig-1293000011.fasta	other
SISRS_contig-1120000007.fasta	other
SISRS_contig-14141000014.fasta	other
SISRS_contig-3046000006.fasta	other
SISRS_contig-7934000012.fasta	other
SISRS_contig-12983000005.fasta	other
SISRS_contig-11012000000.fasta	other
SISRS_contig-15724000016.fasta	other
SISRS_contig-1809000000.fasta	other
SISRS_contig-13049000009.fasta	other
SISRS_contig-14803000006.fasta	other
SISRS_contig-9076000003.fasta	other
SISRS_contig-10748000007.fasta	other
SISRS_contig-14286000008.fasta	other
SISRS_contig-2884000000.fasta	other
SISRS_contig-16848000016.fasta	other
SISRS_contig-5830000015.fasta	other
SISRS_contig-3381000001.fasta	other
SISRS_contig-7858000017.fasta	other
SISRS_contig-13775000009.fasta	other
SISRS_contig-1958000015.fasta	other
SISRS_contig-12514000017.fasta	other
SISRS_contig-10003000006.fasta	other
SISRS_contig-2081000004.fasta	other
SISRS_contig-16962000007.fasta	other
SISRS_contig-1962000001.fasta	other
SISRS_contig-2427000017.fasta	other
SISRS_contig-12583000017.fasta	other
SISRS_contig-8947000016.fasta	other
SISRS_contig-1626000015.fasta	other
SISRS_contig-1001000015.fasta	other
SISRS_contig-15194000014.fasta	other
SISRS_contig-2778000000.fasta	other
SISRS_contig-1460000018.fasta	other
SISRS_contig-10115000009.fasta	other
SISRS_contig-4894000000.fasta	other
SISRS_contig-1305000010.fasta	other
SISRS_contig-8333000001.fasta	other
SISRS_contig-10732000000.fasta	other
SISRS_contig-16068000013.fasta	other
SISRS_contig-49000018.fasta	other
SISRS_contig-2638000005.fasta	other
SISRS_contig-3472000012.fasta	other
SISRS_contig-1697000012.fasta	other
SISRS_contig-428000009.fasta	other
SISRS_contig-13431000011.fasta	other
SISRS_contig-7946000000.fasta	other
SISRS_contig-95000004.fasta	other
SISRS_contig-10845000003.fasta	other
SISRS_contig-8455000016.fasta	other
SISRS_contig-675000013.fasta	other
SISRS_contig-15204000011.fasta	other
SISRS_contig-13383000002.fasta	other
SISRS_contig-14447000013.fasta	other
SISRS_contig-2255000018.fasta	other
SISRS_contig-7720000002.fasta	other
SISRS_contig-2690000010.fasta	other
SISRS_contig-2033000001.fasta	other
SISRS_contig-387000005.fasta	other
SISRS_contig-947000002.fasta	other
SISRS_contig-5459000017.fasta	other
SISRS_contig-9504000006.fasta	other
SISRS_contig-13225000004.fasta	other
SISRS_contig-878000012.fasta	other
SISRS_contig-182000001.fasta	other
SISRS_contig-4261000000.fasta	other
SISRS_contig-3684000006.fasta	other
SISRS_contig-13129000016.fasta	other
SISRS_contig-13820000007.fasta	other
SISRS_contig-10650000002.fasta	other
SISRS_contig-2557000002.fasta	other
SISRS_contig-16196000004.fasta	other
SISRS_contig-14227000012.fasta	other
SISRS_contig-2878000010.fasta	other
SISRS_contig-394000004.fasta	other
SISRS_contig-276000009.fasta	other
SISRS_contig-2002000005.fasta	other
SISRS_contig-11938000016.fasta	other
SISRS_contig-4441000015.fasta	other
SISRS_contig-879000014.fasta	other
SISRS_contig-173000002.fasta	other
SISRS_contig-905000013.fasta	other
SISRS_contig-16230000007.fasta	other
SISRS_contig-362000008.fasta	other
SISRS_contig-1661000019.fasta	other
SISRS_contig-8463000013.fasta	other
SISRS_contig-1632000000.fasta	other
SISRS_contig-14659000013.fasta	other
SISRS_contig-617000015.fasta	other
SISRS_contig-5146000002.fasta	other
SISRS_contig-366000015.fasta	other
SISRS_contig-4338000008.fasta	other
SISRS_contig-10951000017.fasta	other
SISRS_contig-1613000012.fasta	other
SISRS_contig-9796000011.fasta	other
SISRS_contig-11872000016.fasta	other
SISRS_contig-8226000015.fasta	other
SISRS_contig-14570000019.fasta	other
SISRS_contig-15102000009.fasta	other
SISRS_contig-13660000002.fasta	other
SISRS_contig-282000004.fasta	other
SISRS_contig-4442000015.fasta	other
SISRS_contig-17577000009.fasta	other
SISRS_contig-10534000017.fasta	other
SISRS_contig-1641000017.fasta	other
SISRS_contig-5561000001.fasta	other
SISRS_contig-12713000017.fasta	other
SISRS_contig-12281000014.fasta	other
SISRS_contig-12194000003.fasta	other
SISRS_contig-11180000011.fasta	other
SISRS_contig-8383000010.fasta	other
SISRS_contig-10726000019.fasta	other
SISRS_contig-11596000013.fasta	other
SISRS_contig-13330000014.fasta	other
SISRS_contig-8034000004.fasta	other
SISRS_contig-721000011.fasta	other
SISRS_contig-12537000008.fasta	other
SISRS_contig-12035000002.fasta	other
SISRS_contig-2729000007.fasta	other
SISRS_contig-16270000012.fasta	other
SISRS_contig-3957000017.fasta	other
SISRS_contig-12580000017.fasta	other
SISRS_contig-16508000011.fasta	other
SISRS_contig-392000016.fasta	other
SISRS_contig-676000000.fasta	other
SISRS_contig-365000009.fasta	other
SISRS_contig-12612000017.fasta	other
SISRS_contig-1518000012.fasta	other
SISRS_contig-818000014.fasta	other
SISRS_contig-11630000010.fasta	other
SISRS_contig-7394000019.fasta	other
SISRS_contig-5447000011.fasta	other
SISRS_contig-10080000010.fasta	other
SISRS_contig-16816000003.fasta	other
SISRS_contig-13609000003.fasta	other
SISRS_contig-11339000005.fasta	other
SISRS_contig-7083000008.fasta	other
SISRS_contig-16748000010.fasta	other
SISRS_contig-7977000013.fasta	other
SISRS_contig-16013000007.fasta	other
SISRS_contig-14824000007.fasta	other
SISRS_contig-10095000018.fasta	other
SISRS_contig-8089000018.fasta	other
SISRS_contig-7172000007.fasta	other
SISRS_contig-14541000000.fasta	other
SISRS_contig-5656000005.fasta	other
SISRS_contig-10886000011.fasta	other
SISRS_contig-10775000013.fasta	other
SISRS_contig-4129000008.fasta	other
SISRS_contig-10700000016.fasta	other
SISRS_contig-6464000016.fasta	other
SISRS_contig-12372000013.fasta	other
SISRS_contig-13345000003.fasta	other
SISRS_contig-16250000002.fasta	other
SISRS_contig-9921000002.fasta	other
SISRS_contig-9573000011.fasta	other
SISRS_contig-839000007.fasta	other
SISRS_contig-10697000001.fasta	other
SISRS_contig-14268000015.fasta	other
SISRS_contig-14986000003.fasta	other
SISRS_contig-14085000018.fasta	other
SISRS_contig-2597000007.fasta	other
SISRS_contig-4135000004.fasta	other
SISRS_contig-8511000005.fasta	other
SISRS_contig-4133000001.fasta	other
SISRS_contig-10928000009.fasta	other
SISRS_contig-13388000015.fasta	other
SISRS_contig-16320000008.fasta	other
SISRS_contig-429000004.fasta	other
SISRS_contig-7535000011.fasta	other
SISRS_contig-3048000010.fasta	other
SISRS_contig-10054000013.fasta	other
SISRS_contig-4773000004.fasta	other
SISRS_contig-4193000004.fasta	other
SISRS_contig-72000015.fasta	other
SISRS_contig-1893000011.fasta	other
SISRS_contig-1356000004.fasta	other
